distance_m;elevation_m
0.0000;204.0353
25.9918;204.0315
54.5252;203.9832
88.1635;203.8623
124.4645;203.7898
168.5961;203.7417
191.8041;203.5964
217.3598;203.2573
243.0730;203.0393
323.6631;203.0399
359.8695;202.8948
388.2770;202.7495
424.8616;202.8953
451.2995;203.2349
472.5696;203.5987
493.6822;203.8413
524.7208;203.7203
550.2449;203.3569
573.2639;203.0662
601.4193;202.7270
629.6376;202.4363
657.7929;202.0972
688.7055;201.8792
714.7653;201.9279
751.5390;202.2192
806.8886;202.8014
835.7372;202.9956
955.3855;203.0450
986.5817;203.0453
1017.9354;203.1668
1046.5634;203.1912
1080.5483;203.3370
1120.0162;203.7009
1220.1905;204.7684
1230.0000;204.8035
1278.3000;204.0353
